1,-0.7962673869280483
1,0.6622495853539491
0,-1.458617808938993
1,1.916446480101463
0,1.887081423868753
1,5.26163131037279
1,-0.1956353168966332
0,-5.198220443509078
1,-0.3063841950645413
1,2.302855304559039
1,0.3894082704230821
1,2.270398167571472
0,-3.436536686623833
0,3.058527331496882
1,0.9285807437328959
0,-2.958741602881359
0,-3.981757736004399
1,4.642767601895797
0,-1.338744041099869
0,-0.01427250657269938
1,4.166427421685597
0,-4.810258023549058
0,-0.3029524351438064
1,-0.4038840418674577
1,1.204963270024286
0,-1.554173112314615
0,2.160237069303128
0,5.723641537645463
1,2.776951044013109
1,-5.486525068442362
0,-2.498526911856091
1,1.744141646997983
0,-8.653950631611089
0,-1.97144264971326
0,-0.8865712691868195
0,-1.540734155852774
1,6.175754366685313
1,-0.4625214004618154
0,-1.142102797918419
0,-3.633918742949778
1,1.868277584151142
1,-0.1073699030918032
1,-3.724785333923561
1,0.5927531483203476
0,-3.950219925384103
1,-5.015557538156926
0,2.702198187728493
1,2.741186067096012
1,0.7403468825177624
0,-4.265693374925805
0,-1.830640459907356
0,-0.5846999520930787
0,-2.103243611646044
1,0.3499715660841097
1,0.5838783515007769
0,-2.17831914478521
0,-2.186039358961896
1,-0.06509985409848097
0,4.449164200932342
0,-0.2740676930511839
1,-3.440999508051028
0,4.678771798436236
1,0.4787726136273985
1,-3.170618512465436
1,2.245140586843208
1,6.390350371483277
0,0.8695967581638249
1,1.549320323582991
0,-2.890726324208651
0,-1.93732498936093
0,-2.939039048315339
0,-2.223434793449419
0,-2.211204365851629
1,2.277389826621246
1,1.763435193408277
1,-0.6827061361833647
1,-1.562973217482005
0,-0.4483474705201779
0,-2.867798771876854
0,0.01987281422374724
1,3.522022265903546
1,-0.5605312435712134
0,-2.806203012823768
1,-0.01141957410591516
0,-2.318178801817692
0,-0.2866496207512861
1,0.8979542486028005
1,1.690221159086705
0,-1.360130992905929
1,1.001600744603728
1,4.151845664310297
0,-2.971411947015197
0,-2.741935810089353
1,-0.1289653913677853
1,2.983281802508652
1,-0.8524803743238309
1,0.5269714443215883
0,0.5003270075669133
1,0.906006994533383
1,-0.779537521383
1,1.745280760423811
0,-3.201091233250164
0,0.3627775865169348
0,-1.469604789330399
1,-1.57812826017193
1,3.434689756608585
1,1.312931876686213
0,0.1840240707449796
1,-3.322636294267305
1,3.01222926998969
1,6.599440853222327
0,-1.393580796822167
1,0.3985245436880442
1,1.585454021764988
1,2.037951822233774
0,5.324495649855256
1,4.478798842443227
0,-1.480383863642179
0,0.548909284850716
1,2.376234297984981
1,-0.1102153959495568
1,-0.02161979124963882
0,0.05613268729778136
0,-5.974549252006759
1,4.598666534894626
1,2.842100831209113
1,-4.287305692986842
1,4.505830150596743
1,0.6174843314520209
1,1.698916900327899
0,-3.102353163404316
0,3.332268221667719
1,0.7613939410174324
1,4.268131872933631
1,2.646609558682437
1,4.362843330117713
0,-6.511928954086654
1,4.409536986432341
0,-1.103796300219207
0,0.07555105826257147
1,1.526999251202195
0,-2.556240413389105
1,1.540340766048789
0,-7.691160867571268
1,3.508367810216797
1,0.4537347618425959
0,0.9644337669436009
0,2.678760144200296
0,-0.8634531453268763
1,-0.7229880582060588
0,-4.014135554451454
1,2.249522130624114
0,-2.893606008451314
1,-1.675213117495563
0,-2.997937440641503
0,-0.3337099916950197
1,-0.8222498045704736
0,-1.509512613064994
0,-6.14861205610195
1,-0.3992445947763316
1,5.352004722996619
1,1.064471753367126
1,4.09558563474335
1,-0.6354231571476989
0,-2.55027345735235
1,6.097289262661224
1,1.1596180095484
0,5.157949840994299
0,-3.911010385880429
1,-2.752514055037537
0,-4.755504113150588
0,-4.699697843561205
0,-4.190229852454997
1,0.2100559917986873
1,4.865965984391341
1,-0.9144351857684211
0,-1.871483147053419
1,0.6505220232335895
1,4.841010558451802
0,-0.8800386655228485
1,5.461950235632513
0,-2.156718834952773
1,2.96201091491471
0,-1.081843990095961
0,-3.230675340703908
0,-0.9529214698751809
0,-1.422128017749939
1,-2.810447946273561
1,1.431429496575595
1,0.6386101821641426
0,-2.610548983192707
1,1.577640036458207
1,-2.336594523629276
0,-4.824447019424554
0,-3.034150092399518
0,-2.043793584652605
1,1.337532488738701
0,-0.1115882440020255
1,1.491469579198763
1,-0.6573486008774265
0,4.068796263778721
1,1.047190586423264
0,-0.2022227090914356
0,5.513464094736447
0,-0.5998274652541594
1,4.30444012657505
0,-0.5761163631846091
0,5.290856860754444
1,1.491208971485359
0,-3.003647354188569
1,-4.31747547987548
0,-1.106357665140042
0,-4.019659421616742
0,-4.100007624521409
0,-5.118763976107557
1,0.8300817246170912
0,-1.045273919077673
0,-1.945196999620691
0,-1.303335622371015
0,-2.307596802370596
1,-0.01275116134753788
1,-5.965991919190439
0,2.324920291590592
0,-2.017927497686021
1,2.49454243706507
0,-1.74051321027059
1,-0.1825623441202643
1,4.489659333023937
0,-2.033284491191449
0,-3.208203161077543
1,3.621279144371433
0,-2.213118218808306
0,4.024914802782638
0,-0.5276132715196575
0,2.963626403917287
1,2.435575340785257
1,2.39449899850535
0,-0.8443898846404674
1,-4.51333267298669
1,-3.697262611835623
0,2.467261056347758
0,3.322911020753833
0,2.010702793953673
1,2.308802292608741
1,5.286099457607973
0,-3.575458769380119
1,3.343117168337526
1,-0.5923525162706943
0,2.710779848196492
0,-1.13642824493709
0,-2.161689297275057
0,-3.373761304678785
0,-7.330048326080947
1,0.359082554231114
1,2.060938197099864
1,3.547639815705268
1,9.192075156833724
1,-0.805176333513048
1,3.738682748221291
1,-0.6309163954476138
1,3.531850971613848
1,1.108529169253337
0,-3.226933526857231
0,2.726669470697678
0,-3.984019675471014
0,-4.488573516838459
0,-2.266251874631646
1,1.363726126834045
1,1.145330778163922
0,-3.468591133596452
1,1.221810713714431
0,-4.489051831386248
0,-3.417420351776333
1,0.006891761174093858
0,-1.503588652205417
1,3.744757955693171
1,-0.4175933819318075
0,-0.898984845844167
0,-0.9504586286915824
0,-0.9220342602438423
0,-2.162303557853807
0,-2.583689822177016
1,-3.304477441892848
1,1.868944264391203
0,1.985572416420183
0,3.465489854093764
0,-2.097479574560453
1,5.003608751510396
1,-3.264765400206081
1,2.43392793940193
0,-0.09417989489924666
0,-3.3197217060436
0,-3.996805275759366
0,3.439521175755443
0,2.042417746890083
1,-3.877514563798394
0,-1.065742264873689
0,2.249475351443023
1,2.695207135979685
1,6.674990756288357
0,0.772274954492434
0,1.582747582874973
0,-2.815217846598725
1,2.578946904856053
1,1.584573100913133
0,0.5176552550648629
0,-6.266276226635958
0,-1.036036557007278
0,-1.864401427065694
0,-7.603032053224414
1,1.257920541221934
1,1.014315606444619
1,1.380170072861771
0,-1.528960641818526
1,1.508247512566181
1,2.324580090836148
0,-3.923896961775512
0,-0.9837515395360967
0,4.914806424237096
1,0.9145918238214863
0,-0.6604820552416464
1,-1.063928403113679
1,1.816862649512841
1,3.796464405564554
0,-3.11540387204598
1,2.249370204252253
0,-5.804614737822989
1,-0.4173040472640621
1,0.6983568683198175
0,3.245569226294588
0,-2.443064783615662
1,1.040029418666271
0,-1.646916176143755
1,3.967040502560722
0,-4.761900374008142
1,-1.119416776380104
1,1.395051189490346
1,2.973541115622163
1,-0.1505608772842988
0,-1.28089800042427
1,-0.9751671027246517
0,-0.5967023762394196
1,2.34147066712256
1,4.367965678919238
1,-5.277075332136422
1,4.546618653833677
0,-0.1957871769493281
0,-2.807080659080347
1,0.6948866032824655
1,0.5106569352602294
0,-4.316628365488617
1,-2.64389032053768
1,2.669851935823734
1,-2.210450278612701
0,-0.2754553314721791
0,-7.270712258679705
0,3.339161300857469
1,3.342722323375743
0,-6.85851942371741
1,3.146801017889063
1,0.2517430136861989
1,5.786883734052165
0,-2.74460025304708
0,-3.697915845847771
0,1.681799117328718
1,1.00486780960414
1,1.043892126809058
1,5.330926034899874
0,-0.2399581094159554
1,2.187415343586251
0,-2.601144171331774
0,0.6740201071565552
1,3.315881239172617
0,-2.899005324020416
1,-1.068628190847378
0,-0.916650902558811
1,0.4837305555939139
1,1.581408096524431
0,-1.951348869021263
0,-1.361174498173134
0,-6.478137241238739
0,-2.645796488159132
1,0.2405496335856248
1,0.07149152373470505
0,-3.381288723990004
0,1.175256736182398
1,6.382658131666949
0,-1.157728102745674
1,-1.251565013732609
1,1.07938016485014
1,0.44788051229904
0,-4.771475662615087
0,-0.4059034942526187
1,0.3162338558892513
1,-1.154401902918488
1,0.5598106834234626
0,-0.7567611414451545
1,-0.1508041265776683
0,-5.054056709605946
0,-0.6114795401451596
1,5.866078445365114
0,-4.138922889161861
0,-1.57353265088916
0,-1.025451311589924
0,-0.6201977191667587
0,-2.879007704268489
0,-8.301964073661956
1,5.198359659427056
0,-1.269664769280964
0,-1.624248264308717
0,-2.040717932496767
0,-3.655179754751719
0,1.645821439835091
1,-2.900813022808135
0,-3.591044178807521
0,-0.4266343444588256
0,3.564251949214539
0,-4.344164604095715
0,-0.8913332394915267
1,2.65893065189817
1,-1.591836315379961
1,2.635861411693398
0,-2.02542911217203
1,-4.83349482944887
1,0.4525120924321762
0,-2.054088940084124
1,-1.640620275481139
0,-2.812069080074962
1,-0.3980318730311866
1,2.510040940933487
0,-5.43845316347588
1,-8.888678979884736
0,-0.2892126024756992
1,0.03420496461619045
0,-1.920620238777725
0,-0.3321823766169876
1,2.558641666701915
1,0.9029581276769473
1,5.216989534107874
1,-0.5305943179683805
0,-2.627309305785396
1,4.69085631456637
1,0.7977477269377056
0,-1.833408377330808
0,-1.692933436237875
0,0.7262843247286149
0,2.243969736849388
0,4.602737411706511
1,-0.1351306532431167
1,1.797129940871179
1,1.146060998379478
0,0.2026713645008991
1,3.349065811903644
0,-1.041310605061191
1,0.1788766849048398
1,0.6376078699702767
0,-1.183484376534931
1,-0.2566984522598847
1,3.654035979839701
1,1.000273493930407
0,-5.231847556477625
1,2.607339139468516
0,0.581656123073661
1,2.483844942474809
0,3.827266362408249
1,-0.1257556753128039
0,-0.9717461459245742
1,0.2934296690954917
0,-0.5112014858583979
0,-0.899190812116085
0,-3.174194072062378
1,0.798557201338971
1,0.8567746884803544
0,-5.65452835957759
0,-2.53395328835471
1,9.034494875230411
1,0.9296372207013193
1,-0.9341416393646976
0,0.3594725904983889
0,-2.243867481104441
1,2.880638326088254
1,0.6397341824515033
0,-0.637195853379714
0,-2.255730672945171
0,-2.998397503005909
0,-4.59452309891638
0,-1.420379918031574
1,3.281933356080314
0,-2.541671121897481
1,-1.188971486252849
1,0.8982967441165437
1,2.351006371936864
1,-3.563545345609771
0,-2.246465701438336
0,-0.3537139226429652
1,-0.9851183780974583
0,-2.296210660023297
1,-1.395371182136689
0,1.126693215033616
1,1.9230024975811
0,1.444931658957733
0,-0.978751094795956
0,-2.117757969115759
0,-3.180862211670934
0,0.2773571631687878
0,3.175854056845756
0,2.905760683343336
1,2.644732486100293
0,0.669161247208371
1,1.449721238614956
0,-5.773203249696381
0,2.816494330470552
0,2.377445130321013
0,-6.382308890191693
0,2.098610469962293
1,-2.036443082360802
0,2.179627407852772
1,2.338455194666006
0,-2.134628230897277
0,-1.521755855134923
0,-2.176942825702318
0,-3.111442292483431
0,-2.188380333752162
1,-1.168012877085892
1,-4.153131717741408
0,-1.45047499003088
0,-3.651974699371956
1,3.227073184335054
0,1.255456087757226
0,0.9904315778472528
0,-2.317771030488844
0,-1.107160507283706
1,1.10107668508183
0,0.07874045715823441
1,2.465195217794165
1,4.854996459667873
1,0.02020458054377759
0,-0.6177133691887819
1,-2.252890049858301
1,0.8781807865062895
1,1.796247310683719
0,-0.1979892467190017
1,3.304173469727175
1,1.431593163581659
0,1.507193581700032
1,2.656849078231902
1,2.833355227993855
0,-2.608431145455473
0,-5.761850267579539
1,3.469160082930383
1,-3.955855678892972
0,-1.32124287688736
0,-3.088095661390259
1,2.54732198211619
0,-2.61664615842944
1,3.06987238873154
1,-0.1461013750072738
1,3.42548383729908
0,2.090691343762622
0,-2.095307519370226
0,2.884483749563226
1,1.547849960839456
0,-5.818361440782448
0,-2.116173688440491
0,-1.696319919916465
0,-0.2740473867877981
1,3.236877887344954
1,-1.206413519946069
0,-1.943048780606627
1,5.05313136797564
1,4.132003528454897
0,-1.659155362397089
1,1.910042160294239
0,-0.6357649613428304
1,3.255699431304913
0,-5.105038521345405
0,-3.431765907494641
0,-1.420090576721235
0,-0.229984814972057
0,0.9348567605680409
0,-3.956398300071883
1,1.537917389275174
1,0.2329228715127453
1,2.240102809342876
0,-4.352458634174547
1,2.098558446667721
0,2.797350826309339
0,4.91801338134952
0,-4.612808379105455
0,0.06609521324819737
0,-0.3035924742013211
0,-0.9302945886885283
0,-3.809469670115001
1,2.556741976358735
1,3.106632453231033
1,4.325858232499529
1,-0.07676194640645374
0,-2.373952412965231
0,0.5352969094126798
0,0.2548363418066366
0,1.408117768608249
0,0.6079662802013412
0,-1.66598365500872
0,-6.248782948481029
1,5.940588693161132
1,8.03931676536148
0,-5.216138017372251
0,-0.9173657797911554
0,-3.458687481266214
0,0.1644889214315077
1,-5.300973612130495
0,-4.029170398316518
0,-1.506106563771623
0,-2.018860599641127
1,1.055730956534198
0,0.665060108869676
1,3.254118811819676
1,2.945265567610092
0,-2.483924198486574
0,-0.9186745946549955
0,-1.282511870886692
0,-2.75879874236356
0,-0.1464418462887835
0,-3.408194583379353
1,3.352249531244644
1,1.829927421030701
1,1.994748741528738
0,0.03354208890009303
0,0.3635612431687328
0,-2.204767548991685
0,-3.691117567890295
1,-4.492997775966339
1,0.6986072295714563
0,-1.327236280392885
1,5.355575935970565
0,0.5845562225588723
1,0.06851365655565742
1,2.370284526101559
0,3.300405412572077
1,3.569392692484938
0,-2.268019432621949
0,-3.841749245364877
1,3.043124637256356
0,2.195463326980295
1,-0.2289958136072019
0,-0.3567508971145995
1,3.94242421075541
0,-3.966466512810845
0,2.399546506096474
0,-1.797997858350008
1,2.697417553965009
0,-1.183538974697271
0,-1.76279089791011
1,6.710127868538815
1,2.881918405389219
1,-1.656794824153632
1,4.858135684590353
0,-0.9140051369005459
1,1.042427766800996
0,4.480129409105144
0,-4.513007158405206
1,4.716854092895965
0,-7.350249734200637
1,0.9151064946379051
0,-3.371860469538626
0,-4.179046874585113
0,-0.08973682892926257
0,-7.027531943965855
0,3.378698125520193
0,-7.723901868357752
0,-0.6075852014355374
1,2.910629528205975
0,-2.625504259075123
0,-1.410302214765445
0,-2.727751627462297
1,3.545219125690364
1,-0.1264724725149062
0,0.8213023289111134
1,1.260909347339972
0,-2.536011304749645
0,0.1860643225443433
0,-1.265312732366211
0,-1.938458549376082
1,5.242929560575988
1,1.355399803967353
1,1.139136966652911
0,-0.4604365488087225
0,-1.039571730253473
1,3.734921859079181
0,-1.482254742892134
1,2.803327469823305
0,-1.463980256418689
0,-4.061913405329895
1,3.210610892956782
1,2.984382539567696
1,1.025886544845498
0,-0.1069131992407475
0,0.07942634884662741
1,0.2929528599412528
0,-1.24620825681526
0,-1.049075209758483
0,0.4430792109262153
0,-1.421458901837093
1,2.036738619006622
1,-3.30705961720204
1,2.285594273197728
0,-3.192260714338162
1,6.2044487148921
1,1.740571588587508
0,-0.3354917922645249
1,3.372948220490047
0,-0.5942733512366858
1,-0.7575394723905382
0,-1.237194242452862
0,2.552082509498549
0,-2.01304320632384
1,0.8295567805705018
1,7.774433238968659
0,-3.938769818289577
1,1.323664222557974
1,-3.650501342947956
0,-2.605160545244046
1,3.549613884378528
0,-0.9811584565754085
1,-0.5916144649006382
0,-5.112201278226014
0,-3.895783967244992
0,-1.963413003755249
0,-2.41305184189065
0,-1.46776535770852
1,7.110389329230753
1,0.9640218437210279
1,2.249942630149571
0,-5.459434308747795
1,0.8893175163301357
0,-0.7493746247856161
1,5.169095520755945
0,-3.622403032240817
1,2.573301660758001
1,4.427546063266332
0,-1.49486337279437
0,-2.584551347649164
0,4.430778763800876
0,-2.559777555092824
1,-1.456518560844035
0,-5.039984259778368
1,3.645646514697856
1,2.450106712619229
0,-2.938162598995175
0,-4.572508053210038
0,-1.468072965447249
1,0.1825413691392813
0,-2.73548738704268
1,2.251392937941577
0,-4.491261015664797
1,4.55690456935637
0,-2.802955381984817
1,4.261597641198822
0,-4.786113176819573
0,-3.468461536843198
1,3.145814933987391
0,-1.607978555947779
1,6.804133169457637
1,3.093560428345795
0,-2.062150802536098
1,-2.287070059203331
0,-0.6933100933696099
0,0.1056261906065493
1,-0.3662967834205388
0,-3.244671123967124
0,0.009971220883914113
0,-2.603794759658193
0,-3.423517289774074
0,-2.22732696103301
1,5.737796681915977
0,-1.368535714877155
0,-1.331769393118451
1,1.570601829785601
0,-4.670141644906691
0,-5.860487543881
1,9.774589895903675
1,3.680403580640913
1,-3.717166531569815
0,-3.227006084274723
1,3.196515631779862
1,1.977464509092751
0,3.326203790372188
1,1.415952380062252
1,3.070431098823379
1,4.191286095271847
0,-3.288884950416207
1,0.1235308468940075
1,1.971131220782914
0,-1.132566457938349
0,-0.5829095694762157
1,2.781534244110223
1,0.1256877357516731
0,2.496365099585609
1,1.666034354045259
1,0.779256157158172
1,2.454566421868736
0,-2.439533316554817
0,-2.029523216523044
1,-2.203475232156943
1,1.321492901346388
1,-0.8499346062383617
1,2.394569880520251
1,0.7002472407626968
1,3.411048274898958
0,-2.79307928817046
0,0.8623404898481883
0,-2.936820615412971
1,3.55462057533814
1,1.375826875380773
0,-3.381409952855316
0,0.4074401905644314
1,1.115308519079225
0,0.3993346752434986
0,-2.434247705269011
0,-3.836214465599715
0,-0.1946335583979679
0,3.804756923889657
0,-0.1511654320060563
0,-0.5242911396518182
0,2.38706312805924
0,-3.169048578213743
0,-2.286062773123088
1,-0.424944094740808
1,3.820845994481965
0,0.5524433997691887
1,1.072881219938416
1,3.578774726436863
0,-1.895196470845814
0,-1.356483008098415
1,2.228387620624701
0,0.09223671346662637
1,3.070279176941285
1,0.8233764895334792
0,-1.111406644823424
0,-2.846812153088529
1,2.471219901408323
1,3.824209441014567
0,-3.90096950918043
0,-3.370254984243184
1,0.312709507735742
1,2.046109057788755
1,7.335042585709749
0,-5.395366326857475
1,2.031054337096076
1,2.567298178044518
1,1.254506889195919
0,0.02597265061772718
1,0.2122952052128418
1,2.326698156384279
0,-5.311054137289945
0,0.6898909670707671
1,-2.636089826891318
0,-5.827711541962122
1,3.054899055435331
1,0.4660346653117666
0,1.759434455594866
1,-2.212330740853411
1,-1.410439193088715
1,0.2185121088876191
1,4.579988672648984
0,0.09845851096642996
0,-4.736114327003762
0,-3.688553788465085
1,0.03084747345543158
1,0.1011107625369913
1,-0.8721654003707524
0,0.00348842310568238
1,-0.2779917077002004
0,0.2057761105917421
0,0.1310773301641973
0,-2.087241442534004
0,-1.673779848157323
1,0.557208236391337
0,-2.534245806820016
1,3.677374211737214
0,3.396132143942487
0,-5.550281762703609
0,-1.527696054316815
0,-1.325003839452943
0,7.291671536480742
1,0.5483836917888958
1,2.67853475395674
1,-2.872965937440139
1,1.977732415950379
0,0.5814982872781054
1,4.533201592398162
1,3.811183705610911
0,-0.5735193498128957
0,0.241475814494704
1,-2.574587877023523
0,-1.32233297907947
1,2.753180359406429
1,-1.844682671760674
0,-1.415597766486767
0,-2.037735376148172
0,0.4687075263326421
1,1.404098178710521
0,-2.600890746625684
0,-4.824152540176762
1,2.838204732485668
1,2.960765251742236
1,1.049743004128549
1,0.5971009233263002
0,-0.6057219380374641
0,-0.8289401143582618
0,-5.935171012920362
1,-0.04771196316259919
1,1.006550890809369
1,0.8030611264145526
0,-1.869615145388655
0,-2.331394688063354
1,0.4519495773026504
0,1.917278817522743
1,-1.586966368802406
1,0.6289552537705555
1,-2.086193150568205
0,-2.153464661609234
1,2.579700384191962
1,6.470851850998471
1,-7.276188939742119
0,-1.579923237565124
0,-3.61996134134297
1,1.547754447227748
0,-0.3293643724316166
1,1.03795713701598
1,2.212050192899236
0,-8.374189821452992
0,-1.061386735111889
0,0.637342674797403
1,0.6141105893245848
1,-1.413735115391586
0,-1.581581157719087
0,-4.141752454246602
0,1.468175217679887
0,-2.080267382915002
0,-3.625223048716419
0,-1.76303050780839
0,-1.45530059171794
1,4.629469908778543
1,4.328767195223522
1,1.282681995498268
1,5.347346778526472
0,-3.323341616397379
1,1.325434888974319
1,1.896810810139689
1,0.2844842975766452
0,-0.8987348183321247
1,5.244226548610191
1,3.125336515295943
1,3.633788227870625
1,2.988383438139492
1,1.143910608614847
0,-2.714547306054952
0,-0.1499842331794365
1,-0.9763714876320867
1,1.093658449451475
0,-2.540718208979179
0,-5.616282255202615
0,-0.8185868512943337
1,0.5661207661780255
0,-3.710679914475469
1,1.611830615109643
1,-0.6049082624248354
1,-1.056928061461513
1,3.113566858746033
1,5.462243469146612
1,4.353029438338756
1,0.9983865737600055
1,1.259220813935763
1,4.51157840214003
1,1.188849903739493
1,-1.254916200948984
0,-1.281274623861596
1,1.576795667305591
1,2.36655723984483
1,2.013177965662236
0,-1.134684575695611
1,-1.525341939579037
1,2.038479391486924
1,1.462861633764777
1,3.340555507221176
1,0.6248040452467316
1,0.2275327455756717
1,1.938078509364991
0,-6.11717396415003
1,3.631071333292606
1,0.9719361017652357
0,-0.6069841514888291
1,0.8436118546758236
0,1.449194803410352
1,-0.1585390692165487
0,-0.548206117696673
1,0.1336586331267088
1,0.1883051717313059
0,3.798732681383012
0,-3.646279385219033
1,4.248094711696521
0,-8.639273572609881
0,-0.3785674629351435
1,0.9021534897545216
0,-1.630392758869933
1,2.786480392860211
1,0.983807907408184
1,2.359451663838621
0,-0.1334297967634863
1,-1.658821324321164
1,-4.677566823248436
0,-2.503159954672801
0,-0.5073908969352066
0,-1.303568392559684
0,-2.532082653180221
0,-3.441909473862327
1,0.01528349742959624
0,0.1490817725105272
0,-1.908885990428977
0,-1.218704588435487
1,2.703364824627303
0,-2.427873198161214
0,-0.8514582586706534
1,4.419528359435579
1,-4.294995180881473
0,1.301616910962816
1,-0.358779209090712
0,-5.766949883000811
1,-0.09358425511278623
1,-4.69821764725654
0,-0.7653506532542423
0,-1.620306759903781
0,-1.413159106863035
1,4.563793466186504
0,-3.704323709382091
0,3.687596871138286
1,3.080431275835091
1,1.411408534730509
0,-0.4083757675976807
0,-5.972773088534217
1,5.08159078427745
1,-1.59070470058901
0,-0.6010069518940629
1,2.554623001989477
0,-0.501481692935106
1,1.460632134955695
1,-8.946928552154073
0,-2.844484611638275
1,-2.390746162764394
1,7.17053892516738
1,1.139905409634372
0,-5.277475294872181
0,9.222080378339902
1,-0.2581551444809289
1,-1.377207661418711
1,0.4521178662353372
1,1.228531304700509
1,1.852227076813783
1,0.8342183117950213
1,0.3045675141899622
0,1.016505845747205
0,-2.150163319023461
1,0.6195197788408031
0,-1.055716083928441
1,-2.388391920703424
0,-6.371653432271204
1,0.1536222805128097
0,-3.250814219930214
1,-5.356915064103894
1,1.369409584968189
1,3.175547678075326
1,-1.040357350821684
0,-3.084249344995979
1,5.69556184554655
1,1.782651006311415
0,-1.27928556589012
0,-3.88137502687523
0,-2.344574048379279
1,-1.352601493297925
1,0.5233855929488525
0,-4.29053815444592
1,0.8367508143944976
0,-3.287460377981855
1,1.138884170686785
0,-0.9301898487243589
1,-3.332293005197403
0,-3.799323501130472
0,-1.20232542819619
0,-0.4872578535448579
0,-1.151847274993099
0,-4.402560066062463
1,2.52759283682177
0,-2.516499638578031
1,0.3167194882141504
0,-1.63197997696354
1,3.617960264572603
1,1.627798067931919
1,5.842743779849786
0,-2.952332235377307
1,2.800865909666619
0,0.8829758751033254
1,5.56617815555669
0,-0.4950694058437856
0,-3.001559233286287
1,2.233478768580423
1,1.890245350386053
1,1.969270428849866
0,1.286628582100325
0,-8.00711855612845
1,1.196655217994131
0,-3.727832655372979
0,-4.578974971836624
1,-3.79260103139388
0,-1.321291783435019
0,0.8627548740057258
0,-3.423615110922161
1,-1.945616051798921
1,0.7266334942713454
1,2.355309125657774
0,3.717510732459274
1,-1.856153543069694
1,1.544530603025815
1,3.381196317156939
1,1.363779930344454
0,-4.199977457189562
0,-0.9228320149408489
1,4.554798626639506
0,1.010677261433279
0,-3.461140797752639
1,2.794360044371052
0,-1.741417148535325
0,0.06001338873689906
1,4.465942012720099
0,-1.587083428685443
0,-1.349828847484013
0,-5.973180134780943
1,0.9353251803195657
0,-0.9112440338722317
0,-3.642070825119785
0,-1.646388359524243
1,3.607090858190246
1,1.222099349409704
1,1.86982582772208
0,-3.721609372382383
0,-1.908941536695278
1,5.231896662947078
1,-1.086418130823472
1,3.03770449001502
0,-4.461712583938414
0,-2.045258581624187
1,1.373679656236774
0,-5.773948399174259
0,-1.96359082419053
0,-1.82809533424091
0,-1.87861633237411
1,3.625603343217039
0,-3.368263029863177
0,-3.083773027287489
1,1.077923706768486
0,0.5360267220779277
1,1.545654719889659
1,3.671360641084424
0,-0.3931128423954446
1,-0.04508871321754628
0,-2.127958047342696
0,2.442492360119102
1,4.307087721007061
0,-1.401709815104333
0,-1.02745964878095
0,-3.170614830498315
1,3.227777845165232
1,0.7993107027588895
0,-3.118736524024528
1,0.5058304206664983
1,-1.094233478343148
1,1.732664957556021
1,5.049292540597984
0,-4.051952843343127
1,0.5278363439227044
1,2.142020028702259
0,-1.366840548389556
1,1.617852349716047
0,-1.693644409825895
0,-2.127530204603996
1,-0.238254217512156
1,-1.967984736986456
0,-1.979956553794259
1,0.565798797705287
1,2.0417882718237
0,-1.679884046026317
1,3.265350130457627
0,-3.675488917215417
0,0.8554110017750212
1,1.319997926893729
0,-4.245146600405043
0,-3.858527786626325
1,2.526597172973795
1,-2.537622983006398
1,1.13171808728379
0,-5.076007658778154
0,1.987994393224793
0,-4.276384241893549
0,1.975884830225599
0,-4.455989609373685
0,4.53117246799258
1,2.909885305822713
0,0.6417210465509045
1,1.932625060288412
0,-0.7127640887885434
1,5.57705592262495
0,-1.855887247056015
1,2.793678366254961
0,-1.936453697906056
0,-3.414671291561731
0,-5.366118785835974
1,1.655196659069301
1,-0.1667615314012163
0,-1.186502376360213
1,2.686239090979373
0,-2.056042668737376
0,-0.8921755236411202
0,-1.633683966483463
0,-1.142215761642448
0,-2.786958215094778
1,2.480978513437611
0,1.513150615352588
0,1.00212265602904
0,-1.927701469684264
1,5.177979457594612
0,-5.941269168033021
1,0.478573512267779
1,-0.6927631219475934
1,1.29023836790041
0,-2.508374504321965
0,-0.2628531092199631
0,-5.156526871429035
0,-5.534475213909486
1,-2.254474914648976
1,0.1578563164961767
0,-4.090765344496933
0,-2.571043590779203
0,-0.6273009953462708
1,4.702941175630612
0,-1.846761210070519
1,-1.973339770121649
0,-5.40333135832469
1,1.173805866440457
1,6.866154831710936
1,3.020312919982155
1,1.73478539047092
1,1.56393594215612
1,-0.9865699328656057
0,-0.1352934590508228
0,1.590856383818578
1,4.199529724755898
1,1.456803377186797
1,1.51510135675503
1,1.519832077054499
1,-0.7070689047080274
0,-1.976711760433871
1,1.142383948927694
0,-3.295333823100372
1,0.1027517501308326
1,-1.601165344996023
0,4.484764435011217
0,4.141107530775621
0,1.001137551443343
0,1.010180565981345
1,4.628814025719
1,1.017563698822395
1,2.16028639037332
1,-2.893490234469072
0,0.2944039509979789
1,2.691431741452317
1,1.275345819776296
1,-3.473052760382035
1,0.9472655866920272
0,0.8927589232682699
0,-2.686721884595765
1,1.033091335594165
1,4.774753238548596
1,0.9148685846054531
1,4.154173211174879
1,3.292073540984399
0,5.888402268065214
1,4.884868271201081
0,-4.377049097339317
1,2.081004684407675
0,-5.366161930817418
0,-3.196718501863518
1,-0.5647338778952787
0,-4.116947997752957
1,1.21942727822148
1,1.942635594879366
0,0.7386771733464587
1,4.520354700106446
1,-3.253331057294949
1,3.08950307383992
1,5.567514699437519
0,0.6112019457779465
0,-4.458047447031096
0,-2.442250906445092
1,1.170517094656199
0,-2.966268614026029
0,-3.626969338370224
1,0.3321742176458106
1,0.4031309296245645
1,0.9717062488703483
0,-5.368634556396393
0,-0.3945383782357159
0,-3.111870247298754
0,-0.9682531796388099
0,-3.017685926402555
0,-4.616863984606955
1,0.8873315171610237
0,-0.7867254499563612
1,-1.145208163975306
0,-0.4811381027357353
0,-2.471822748227727
0,-1.669436277106603
1,-4.728972049528882
0,-0.9972096461654958
1,1.848444453556672
1,0.02744993204329001
1,2.061634482956869
1,-4.327828852901005
0,-1.189324697192394
1,2.601482714987368
1,-0.3221403628144278
0,0.5025540756029352
0,-0.5401411982761957
1,0.7215443861795093
0,-2.21387291663986
1,-0.2426080126034972
0,-2.403381141714047
1,7.14981922624491
1,3.654077739491699
1,2.106948798754327
1,1.20315319703392
1,3.626429697528052
1,-0.101005302100236
1,5.299722377587008
0,-5.443296244777223
0,-0.2673540132540841
1,3.928788393527948
0,3.657790554944518
0,5.792934324211439
1,0.7137914230849914
1,-5.515030915496641
1,2.236397823888168
0,-8.490436177563234
0,0.1125460020532901
0,4.20767166870643
0,-5.045413860096451
1,1.06428450594038
1,2.149985156300967
1,2.122434283527917
1,2.097126134863612
1,2.95901365270031
0,-2.349329476619657
1,3.030871514788732
0,-2.388378652854318
0,-1.394425613512066
0,-1.606188904322268
1,-0.6350546811723718
0,-3.381993644264046
1,3.583849455729935
0,-4.920507363963264
0,-0.7040082274974787
0,-0.2777127825775298
0,-0.9184109889333203
0,-3.364323379385002
0,-3.08062673467878
0,-2.875471146974538
1,2.891922621363819
1,0.1343663877511626
0,-6.682646181762649
1,-0.7500416716968019
1,3.978250059289598
1,-2.435720755664773
0,-1.22273660418534
1,1.874298733667826
1,-1.405391809317581
1,1.815834316634651
0,-2.841643733724832
1,0.4765491243593283
0,2.18042656787476
1,0.8272083637313494
0,-2.656174273251943
1,1.894095221571797
1,1.189208630286631
1,-2.576024719524828
1,0.5901800682216946
0,-1.62753227136629
0,0.5385136112830767
0,-1.877237514306536
1,0.7139602041862718
1,1.007047962019624
0,-2.604335775156464
0,-4.371089936874396
1,-0.1864028573793716
0,-0.833449204054115
0,-1.209091535752719
0,-0.9708013185808765
0,-4.800449152347195
0,-3.622826114390029
1,0.5337328023277534
0,4.076237900012554
0,-0.2632032380359907
1,2.876217940370933
1,4.513743462798868
0,-0.6056599851438261
1,1.880417785852507
1,3.583295024846833
0,1.079343485325832
1,2.829646650485554
0,-4.118130728224465
1,-0.6055112517651139
0,-2.688045789192928
1,0.9526286255881575
0,0.7243519922985598
0,-3.409552658767193
1,0.004488882219445005
1,3.519634826503983
0,-1.039973329578817
0,-3.628158050456319
0,1.232000091247525
0,4.162356689975534
1,0.6352832411443772
1,0.4737197544440039
0,-1.94431869307813
1,1.390769582979909
1,1.878476888616267
0,-6.354774483313445
0,-3.94092286743591
1,2.536915308818419
0,-0.848729958650267
1,-0.02754436378693439
1,-0.5252808995383891
0,1.834590623772877
1,0.7326780203779865
1,-3.292095317330931
1,1.695980555905281
0,-5.134166161082109
1,6.268616271340862
0,-1.836819862420575
1,1.9516819078593
1,-4.432388419557947
0,-1.91452714189417
0,-3.974407906353201
1,0.9825666864547062
1,-1.005845475312143
0,-0.8780557837001621
1,3.024498978819302
0,-1.953043689283604
1,4.914416936406921
0,-7.962155869013545
0,-2.994172968431716
1,5.862317865946897
0,-4.267843482562506
1,-5.375165900610719
0,-2.894750209787468
0,6.383629403474418
0,-0.1819137470078436
0,-0.8644890103917637
0,0.1987373121205921
0,-2.462111541529763
1,-0.3414435514996882
0,-1.877990148364004
1,1.475848715941542
0,-1.714034126064061
1,4.256767511364798
0,-5.264479295200776
0,-0.6571938322333997
1,0.2549493457838116
1,-1.098294675101803
0,-2.827185006621508
0,-1.835557190902561
1,-0.4016654515267289
0,-1.270106430422982
0,-1.024907522381061
0,-2.252261588018656
0,-1.316622433660846
1,-1.523102857937172
0,-0.9988250177408938
1,-0.02233348888770254
1,2.288804144537299
0,-0.391754949140499
1,-0.05146529013096746
0,-1.337548436224273
1,1.701018258288159
1,3.350262267946611
0,0.2363229033412322
1,-0.2689532230904919
0,0.159580426238075
0,-0.7333846647733122
0,-2.719822396152058
1,2.261513885974493
1,-2.756582161644604
0,-3.855205716278896
0,0.3462672149415921
1,-3.688331309908961
0,1.131162765782155
0,-7.705736227444062
0,-3.010488993383948
1,0.6811202044386332
1,1.802415884217013
0,-4.15610400935743
0,-0.3580116118876275
0,-4.384538159287483
0,-0.4111433179874706
1,-2.439287488555016
1,3.582108514916792
1,4.442775953221153
0,-5.721474143271568
0,-0.8742987465334761
1,4.90128808569759
0,0.06693770189482404
1,-0.9757968341242444
0,-1.014816494467669
0,-4.430277404555078
1,-0.9978809872145322
1,-0.7938445335843087
1,-1.661667105382961
1,4.793257772411737
0,-1.012651256409752
1,3.148908597998028
1,-0.6147286031629907
0,-0.1462225948420112
1,1.770390887885733
1,-2.535001271368745
1,0.7878152933082507
1,0.9709739831986905
0,-0.5322771484528945
0,-0.2560721387677632
0,-3.649009163236666
0,-3.942866719528546
0,-2.435447833735341
1,1.400781676561076
1,2.828980464714074
1,1.845729506243661
0,-0.9608157302882856
0,-0.921151566121615
1,0.6257732203655226
0,-0.3852356095907353
0,-3.929550357187747
1,0.5928682430062306
0,-0.6251826082876787
1,3.024765627953533
1,-1.944395583345211
0,-0.8846243963816789
0,-0.9631549595476407
0,-8.344544731454988
0,-1.317824320639795
0,-3.682241281844293
0,-1.364811573314705
1,-1.408787745470885
1,2.031093748210818
0,-3.330975904810073
0,-1.39934934165074
0,-1.181447875559501
1,0.25018608632668
0,1.527738513846388
0,-0.9724899231835733
0,-0.2826197406710922
1,0.6834769079560178
0,-2.704219909949359
0,-2.088409059559623
1,0.4993242641021806
1,0.2757939203150486
0,-2.796680649211189
0,-0.6512457621856861
1,6.229851919096861
1,9.864291705062117
1,2.92817337834945
0,0.1911834690356999
0,-5.872146051660353
1,1.413274569486263
0,-0.5914088804009119
1,-6.921019598054927
1,-1.596676877655347
1,1.709142799322194
0,6.277993566119459
1,0.8183614247698193
0,-5.376328467039873
1,-3.547166536767485
0,-0.142604831131776
1,0.1253056692108359
0,-2.207804142316927
1,0.7688254655748499
0,-1.039548891575747
1,0.5235009562343034
0,-3.310191023192743
1,-0.8230978403562426
0,-2.412550460935891
1,1.942202355811346
1,2.260211281928729
0,-0.1163041238617267
1,2.534998110246445
1,0.8035227782316756
0,0.3078742393114792
1,7.570445400172639
0,2.96721128382814
0,0.8836781761324062
1,-2.634336128944827
1,4.641678344103926
1,-3.33617952751691
1,1.682543477610143
0,-3.312216197052204
1,-0.2347544837710988
1,2.120631313620628
0,-9.38037433396233
1,2.714842048180408
1,1.025845321021893
1,0.3394940847645616
1,0.05432461737191575
1,-0.2858620439553761
1,0.321126080794339
1,2.267340312338739
0,-1.151510595485152
1,-0.8544880747578791
0,-0.5500922515326196
1,-3.044754223988022
0,-0.5293541735299651
1,1.497606937086114
1,1.81702060719172
0,0.1532721577446481
1,2.808322880884207
1,-2.828871996980384
0,-1.212696365551162
1,2.616194573940405
0,-1.886406363822929
0,-4.875592768457544
0,-1.905057882541727
1,0.6867214574130832
1,-0.7401908090855552
1,5.787000095564153
0,-4.184306973603439
1,-0.349439495207106
1,4.395483230706957
0,1.647131377827294
0,-6.170039477565246
0,-5.02820229961524
0,-4.091873431980744
0,-4.058496728377173
0,-2.832424114858219
1,4.001283905321506
1,3.693999342714783
1,6.838159808863931
0,-0.25258629837875
1,-3.613440918250789
0,-3.236803167450403
0,-1.379850112005771
0,-1.490665581691431
0,-4.769915169135343
1,1.243690098039697
0,6.314706967409998
0,2.466478481663315
0,3.008635798279092
1,0.8183895386282166
1,-2.709078874343928
0,-1.756879882966955
1,-0.2703919620460384
1,1.665443572743003
0,2.626136672219741
0,2.484720635364509
0,-1.101708637903147
1,1.651713761285609
1,2.194550290242126
1,1.496102255153422
0,-1.820090583111211
1,-2.282743601573542
1,0.8284564654715535
1,1.202773136531268
1,-2.245608597269566
1,1.727659368212619
0,-0.6703522610557385
0,0.005892703831389937
1,-0.7047295043954853
1,0.03540175105371909
0,1.699094178909697
1,-2.700974290038971
0,-0.8166165992040202
1,2.992872943073334
1,-0.5854370680628559
0,-1.62357169637651
0,1.820269315942765
1,1.213251843527771
0,-6.502500478766674
1,-4.612043518023396
1,-0.3813612973916837
0,-0.4185505899156151
1,6.546005846299597
0,-5.334039369668799
1,1.855085193459107
1,4.42044816674813
1,1.212533233732819
0,-3.751145297979977
0,-3.543815027628705
0,-0.6736915154229495
1,0.8826169398104617
0,-4.611324499109324
0,-1.711152678157019
0,-1.206269497188167
0,-1.581320395342475
0,-2.809716474461548
1,0.5564405365515129
1,1.803688385270208
0,-3.570698052925844
0,-3.751592426306749
1,0.3511860370257892
1,0.8218858826524638
1,3.43731449276975
0,-3.724956930259488
0,-4.49205825890445
1,5.543856863372653
0,-3.531165802071214
1,5.518414633129584
1,7.415739133761306
0,-0.5784258362422935
1,0.02360815824228671
0,-5.037065882887912
0,3.775876515026648
0,-3.397871224198178
0,-1.253791244904573
0,0.123096179109353
0,-0.3141510942191491
0,-2.306466191564765
0,-6.097908731502967
0,-5.660184452769125
0,-4.485383707668134
0,3.756304244878737
0,-3.529969620972954
0,-5.550257692923461
0,-3.467185658440896
0,-1.02637707662617
0,-5.376645735146505
0,0.5434494347038192
1,-2.772413762232865
1,0.7103602842042873
1,-0.4714023853185006
0,-3.426833054995111
0,-1.495999375212989
1,2.906779089927157
1,6.479851164095216
0,-1.198382831831714
1,2.650145058022408
1,0.5838943328569898
1,2.423885983461799
0,-2.322059048308469
0,-2.301154063798716
0,-3.072113820076275
0,0.3891422008884945
1,1.236307451987111
0,-0.2780645552903802
0,-3.701531233507213
1,2.025888570262325
1,-2.958166513948529
0,-6.039786588471064
0,-1.728965771447672
0,-3.130789158361805
0,-0.6557267355412895
1,5.114737031963548
1,-3.034605320034538
1,-1.486046819408545
1,4.250880923828694
0,0.3874972130658711
1,0.8288696681962204
1,-3.13738880781112
0,-1.19314911482148
1,4.177493487613193
1,-3.345634735007176
1,2.759126951517703
0,-1.566787497201594
1,4.022494329150914
0,-3.908093177430657
1,2.646557382767526
0,-3.066561290443053
1,0.9025627162621501
0,-5.107705907095006
1,-3.534690127089836
1,0.3825377927263907
1,-1.752770667636723
0,5.254121987895168
1,-4.42154947006322
0,-1.458088473508882
0,-2.353833190973974
1,-2.028515637001696
1,2.155488003155563
0,-1.985421205190169
0,-2.180269291687045
0,-3.898576965300614
0,-1.957659220271937
0,-7.780093391129304
1,1.662076985361586
0,-3.669342474344544
0,-0.3411338418608598
0,-1.65574283039771
1,-1.494347180357454
0,-7.387579062950031
0,-2.994078933797126
1,-0.06171730678843154
1,1.211847840450841
1,3.7774921747716
0,-0.3630645160628916
1,0.5940104443697783
0,-5.16652583374557
0,-2.857624036017494
1,0.8761010181018396
0,-1.37252755060739
0,0.01572639962059259
0,2.656588181703115
1,1.087699884797946
0,-1.002773905179155
1,0.7843158408123689
1,3.895100919810297
1,1.766448893765472
0,-1.266400638110318
1,-0.5574612236665699
0,-0.5453729129384547
0,-0.7010353509864699
1,3.124812867782518
1,-0.3605132446273711
0,-8.517267459047325
0,0.04469258509269304
0,5.715846381007639
0,-0.3714612200706447
1,1.270572368808565
0,-2.106408750413694
1,-5.912337930172967
1,1.682694605924326
0,-5.810501496897675
1,2.632833466327762
0,2.171161137614145
0,-1.771920324698859
0,-2.589344944808106
0,-0.03638107421573752
0,2.559489103607123
1,1.082282653206766
0,-1.487193243871713
0,1.928090652980046
0,0.3329565087582734
1,4.486616066761604
1,0.3695739279109211
0,-0.1941249936416122
1,8.578373731305954
1,-0.6522756489407449
0,-4.541120680550836
0,-7.059806956384628
0,-1.43236525185216
1,-1.459082384330902
0,0.1922981629583611
0,-5.032465164798759
1,-0.1750519357077016
1,2.271029896599737
1,1.488921183118373
1,-4.249878959236055
1,6.083248786251312
1,1.174529302323528
1,5.438678846917352
0,-1.125473249232263
1,8.096647212653782
0,-0.5742372343691043
1,3.572370679403766
0,-5.550299163532287
1,4.353455189572861
0,-0.2740876266311549
0,-0.08030689017769337
1,1.100951640080627
1,-2.629796641028971
0,-0.946143798407395
0,-2.082417238738835
1,0.5276757946741555
0,1.364387532526338
1,0.6942669334794189
0,-3.431346826704253
0,0.2342283678567498
1,2.2549838352482
1,2.111334140434708
0,-2.277092399110781
1,1.641254243568987
0,1.036127477482385
0,-1.351602748627555
0,-4.582245430062009
1,2.23277725862481
0,-0.9044529330028883
1,2.582488133252814
0,-3.098709473350978
1,-0.3350973521584897
1,1.356010837050019
1,-5.074204142793449
1,-3.361084552540483
1,1.773257292445443
0,-4.608003336761599
1,-0.5322720635303594
1,0.6184550548523147
0,-3.157743201448979
1,3.996303720360004
1,6.845186717736139
0,-1.396827656739793
1,2.257275531389282
0,-4.525140992626776
1,-0.2707362570234284
0,1.559856850978214
0,1.811399675304793
0,0.458184475653466
0,-1.753785041998773
0,0.5300731386970888
1,6.341854781024256
0,-6.031521636753142
0,-0.1942440987375088
1,-0.9899886765623269
1,2.177950875456741
0,-1.645838570306076
1,2.711923752833921
0,-0.9211616874267663
1,1.577726808478173
1,1.614293440364084
0,1.927684090842659
0,-2.706175947422433
1,2.303891845035802
1,3.977559791670092
0,3.15285405771256
1,0.4975544854162116
1,0.7253485242582223
1,2.201776333375271
1,4.26496864955752
1,4.962501762459015
0,-4.764507446885046
1,3.808482947095606
0,1.378237450578701
1,2.194521846658991
0,-4.08059187653323
0,-1.78222160538271
0,-3.465217141821904
1,2.042920910791246
0,2.918459025346249
1,5.157490079804056
1,-4.171708290913776
0,-0.2031154622850668
1,1.857617506435522
0,0.3623772364593078
0,-1.326626973138481
1,2.058294342514237
1,2.447009345411278
0,2.49277584939909
0,1.923578372020084
1,-0.1972028490513958
0,-6.350654915671879
1,6.606893469177454
0,-1.066718528548261
1,0.5208359849019744
0,-1.393186931956699
0,-1.568097028475042
1,4.106886809433492
1,-2.369086513220697
1,1.627865818063246
0,5.736591456315171
0,-1.623023483579392
0,-3.483631251161911
0,2.318038126291769
1,-1.189432264516757
0,0.5239915580211471
0,-4.287078108170194
0,3.554217968431023
1,5.069736609098548
0,-2.154695277195855
1,2.085423942009419
0,0.8437753847363406
0,-1.572140162243966
1,-1.661026794148881
0,1.157771487465524
0,-3.666049859138591
0,-4.718410641328475
0,-1.795763644793771
1,2.976675565033532
1,0.5523730684884107
1,1.2424195798808
1,-0.003946178910850357
0,-1.740718128952111
1,0.9861198537947099
1,-0.7979211348751274
1,-0.8568779075197339
0,0.8717922690012321
0,-2.277295521181265
0,-3.327855960405932
0,-3.521332628160294
0,-0.9430814410117209
1,-0.5771934030671915
0,-0.5005823329698341
0,-3.044277736893563
1,-2.662258857256253
1,-0.723225673123695
1,0.012550944106911
1,5.259451107179873
1,3.915509298615198
1,-5.630940263347854
0,-0.9004971782293016
1,5.722237087868729
